super_opeid,name,par_income_bin,par_income_lab,attend,stderr_attend,attend_level,attend_sat,stderr_attend_sat,attend_level_sat,rel_apply,stderr_rel_apply,rel_attend,stderr_rel_attend,rel_att_cond_app,rel_apply_sat,stderr_rel_apply_sat,rel_attend_sat,stderr_rel_attend_sat,rel_att_cond_app_sat,attend_unwgt,stderr_attend_unwgt,attend_unwgt_level,rel_attend_unwgt,rel_apply_unwgt,stderr_rel_attend_unwgt,stderr_rel_apply_unwgt,rel_att_cond_app_unwgt,,,,,,,,,,,,,,,,,,,,,,,,,,,,,,,,,,,,,,,,,,,,,,,,,,,,,
3401,Brown University,10,0-20,0.0060624834,0.0013310739,0.0085656615,0.0041177617,0.0016677903,0.0093186991,1.053167,0.040106952,0.70776594,0.15539651,0.67203581,1.0588009,0.065898754,0.4418816,0.17897244,0.41734153,0.00013072764,0.000014183285,0.00053589989,0.24394041,0.46719542,0.026466297,0.0079416968,0.52213782,,,,,,,,,,,,,,,,,,,,,,,,,,,,,,,,,,,,,,,,,,,,,,,,,,,,,
3401,Brown University,30,20-40,0.0050367573,0.00096723711,0.0085656615,0.003574054,0.0011588071,0.0093186991,1.0768806,0.032044046,0.58801734,0.11292031,0.54603767,0.99241376,0.051300745,0.38353571,0.12435288,0.38646755,0.00012190761,0.000011687651,0.00053589989,0.22748207,0.5120368,0.021809392,0.0070361625,0.44426897,,,,,,,,,,,,,,,,,,,,,,,,,,,,,,,,,,,,,,,,,,,,,,,,,,,,,
3401,Brown University,50,40-60,0.0046844501,0.00061743736,0.0085656615,0.0040180464,0.00088430755,0.0093186991,0.93587929,0.021215715,0.54688716,0.072082855,0.58435649,0.92025459,0.033874299,0.43118104,0.094896026,0.46854538,0.00014915747,0.000011261895,0.00053589989,0.27833083,0.56573892,0.021014923,0.0064647049,0.49197751,,,,,,,,,,,,,,,,,,,,,,,,,,,,,,,,,,,,,,,,,,,,,,,,,,,,,
3401,Brown University,65,60-70,0.0053975023,0.00069011044,0.0085656615,0.0046378355,0.00099660968,0.0093186991,0.82170004,0.021401273,0.63013256,0.080567092,0.76686448,0.75044811,0.032145042,0.4976913,0.1069473,0.66319215,0.00023399189,0.000017883218,0.00053589989,0.43663359,0.61228055,0.033370446,0.0085423179,0.71312666,,,,,,,,,,,,,,,,,,,,,,,,,,,,,,,,,,,,,,,,,,,,,,,,,,,,,
3401,Brown University,75,70-80,0.0054431492,0.00052819285,0.0085656615,0.005371979,0.00082636782,0.0093186991,0.79599935,0.016172694,0.63546163,0.061663989,0.79831928,0.7167697,0.02478306,0.57647306,0.088678449,0.80426538,0.00032264576,0.000019412339,0.00053589989,0.60206348,0.70623446,0.036223814,0.0085492618,0.85249799,,,,,,,,,,,,,,,,,,,,,,,,,,,,,,,,,,,,,,,,,,,,,,,,,,,,,
3401,Brown University,85,80-90,0.0064104516,0.00043054915,0.0085656615,0.0057229823,0.00063728023,0.0093186991,0.85547328,0.012219055,0.74838954,0.050264552,0.87482518,0.8059544,0.019723276,0.61413962,0.068387255,0.76200294,0.0004813149,0.00002190476,0.00053589989,0.89814329,1.0238688,0.040874723,0.0096573504,0.87720543,,,,,,,,,,,,,,,,,,,,,,,,,,,,,,,,,,,,,,,,,,,,,,,,,,,,,
3401,Brown University,92.5,90-95,0.006937305,0.00042962458,0.0085656615,0.0082495054,0.00081024965,0.0093186991,0.95190221,0.012828833,0.80989718,0.050156612,0.85081971,0.97072309,0.023002958,0.88526362,0.086948797,0.91196311,0.00084441272,0.000038864593,0.00053589989,1.5756911,1.6857693,0.072522111,0.016752662,0.9347015,,,,,,,,,,,,,,,,,,,,,,,,,,,,,,,,,,,,,,,,,,,,,,,,,,,,,
3401,Brown University,95.5,95-96,0.010242677,0.00098115148,0.0085656615,0.01122287,0.0017513202,0.0093186991,1.0455687,0.024340609,1.1957836,0.11454474,1.1436682,1.103448,0.046248697,1.2043387,0.18793613,1.0914322,0.0013910999,0.00010939156,0.00053589989,2.5958204,2.3983858,0.20412686,0.0438811,1.0823199,,,,,,,,,,,,,,,,,,,,,,,,,,,,,,,,,,,,,,,,,,,,,,,,,,,,,
3401,Brown University,96.5,96-97,0.0092032831,0.00083974237,0.0085656615,0.0080401599,0.0014239408,0.0093186991,1.1112193,0.02324456,1.0744393,0.098035902,0.96690124,1.1643407,0.044324238,0.86279851,0.15280467,0.74101889,0.0016901366,0.00011903865,0.00053589989,3.1538291,2.725698,0.22212851,0.046553601,1.1570721,,,,,,,,,,,,,,,,,,,,,,,,,,,,,,,,,,,,,,,,,,,,,,,,,,,,,
3401,Brown University,97.5,97-98,0.012476109,0.00087687827,0.0085656615,0.014847644,0.0017726514,0.0093186991,1.1479348,0.021823097,1.456526,0.10237134,1.268823,1.223595,0.042636786,1.5933172,0.1902252,1.3021605,0.0025738219,0.00014670369,0.00053589989,4.8028035,3.2007248,0.27375206,0.050177533,1.5005362,,,,,,,,,,,,,,,,,,,,,,,,,,,,,,,,,,,,,,,,,,,,,,,,,,,,,
3401,Brown University,98.5,98-99,0.014153101,0.00087646826,0.0085656615,0.019294515,0.0019068907,0.0093186991,1.2558912,0.021321498,1.6523068,0.10232347,1.3156449,1.389783,0.04199655,2.0705159,0.20463057,1.4898124,0.0033279168,0.0001657971,0.00053589989,6.20996,3.8341451,0.30938074,0.054603178,1.6196465,,,,,,,,,,,,,,,,,,,,,,,,,,,,,,,,,,,,,,,,,,,,,,,,,,,,,
3401,Brown University,99.400002,99-99.9,0.016524874,0.00090999843,0.0085656615,,,0.0093186991,1.3337302,0.021468453,1.9291999,0.10623796,1.4464694,,,,,,0.0046371161,0.0002055973,0.00053589989,8.6529522,4.5920205,0.38364872,0.062945403,1.8843453,,,,,,,,,,,,,,,,,,,,,,,,,,,,,,,,,,,,,,,,,,,,,,,,,,,,,
3401,Brown University,99.5,Top 1,0.017317615,0.00084921648,0.0085656615,0.022545015,0.0018107537,0.0093186991,1.3444091,0.019961884,2.0217488,0.099141963,1.5038196,1.4178066,0.037683431,2.4193308,0.194314,1.7063899,0.0051401416,0.00020571545,0.00053589989,9.591608,4.7554789,0.38386917,0.06083383,2.0169594,,,,,,,,,,,,,,,,,,,,,,,,,,,,,,,,,,,,,,,,,,,,,,,,,,,,,
3401,Brown University,100,Top 0.1,0.022422465,0.0023784793,0.0085656615,,,0.0093186991,1.407637,0.05506796,2.6177154,0.27767608,1.8596523,,,,,,0.0098595014,0.00090561982,0.00053589989,18.398029,6.2611146,1.6899048,0.22220254,2.9384592,,,,,,,,,,,,,,,,,,,,,,,,,,,,,,,,,,,,,,,,,,,,,,,,,,,,,
2707,Columbia University In The City Of New York,10,0-20,0.01082803,0.0016757515,0.0099975159,0.014543965,0.0030077416,0.010133223,1.2348567,0.039644897,1.0830721,0.16761678,0.87708318,1.220964,0.066699505,1.4352753,0.29681987,1.1755264,0.000269574,0.000020233034,0.00056845817,0.47421959,0.65035713,0.035592828,0.0086723249,0.729168,,,,,,,,,,,,,,,,,,,,,,,,,,,,,,,,,,,,,,,,,,,,,,,,,,,,,
2707,Columbia University In The City Of New York,30,20-40,0.011238966,0.0014881088,0.0099975159,0.0096825659,0.0020813143,0.010133223,1.2861434,0.032341257,1.1241759,0.14884785,0.87406731,1.413597,0.056941364,0.95552683,0.2053951,0.67595422,0.00024511924,0.000016379612,0.00056845817,0.43120015,0.69743502,0.028814103,0.0076016309,0.61826569,,,,,,,,,,,,,,,,,,,,,,,,,,,,,,,,,,,,,,,,,,,,,,,,,,,,,
2707,Columbia University In The City Of New York,50,40-60,0.010622167,0.00099383609,0.0099975159,0.01087309,0.0014391537,0.010133223,1.0973284,0.021503802,1.0624807,0.099408306,0.96824312,1.0703021,0.034508593,1.073014,0.1420233,1.0025338,0.00027196194,0.000015208308,0.00056845817,0.47842032,0.69494796,0.02675361,0.0066045481,0.68842608,,,,,,,,,,,,,,,,,,,,,,,,,,,,,,,,,,,,,,,,,,,,,,,,,,,,,
2707,Columbia University In The City Of New York,65,60-70,0.0089310175,0.00096426817,0.0099975159,0.0084117642,0.0013440661,0.010133223,0.94453937,0.021687416,0.89332366,0.096450776,0.94577706,0.86276883,0.032550074,0.83011734,0.13263956,0.96215498,0.00031497364,0.000020723826,0.00056845817,0.55408412,0.68222576,0.036456201,0.0082890624,0.81217122,,,,,,,,,,,,,,,,,,,,,,,,,,,,,,,,,,,,,,,,,,,,,,,,,,,,,
2707,Columbia University In The City Of New York,75,70-80,0.0086673927,0.0007168313,0.0099975159,0.006612523,0.00091890612,0.010133223,0.89535725,0.016271167,0.86695462,0.071700938,0.96827787,0.83734471,0.025271168,0.65255874,0.090682514,0.77931911,0.00035125201,0.000020201926,0.00056845817,0.61790299,0.74499869,0.035538103,0.0080759097,0.82940143,,,,,,,,,,,,,,,,,,,,,,,,,,,,,,,,,,,,,,,,,,,,,,,,,,,,,
2707,Columbia University In The City Of New York,85,80-90,0.0078334957,0.00049175322,0.0099975159,0.006976475,0.00070054684,0.010133223,0.89631128,0.011917864,0.78354418,0.049187541,0.87418759,0.88599002,0.019536631,0.68847543,0.069133669,0.77706903,0.00051167439,0.000022622777,0.00056845817,0.90010911,0.98907316,0.039796732,0.0087348111,0.91005313,,,,,,,,,,,,,,,,,,,,,,,,,,,,,,,,,,,,,,,,,,,,,,,,,,,,,
2707,Columbia University In The City Of New York,92.5,90-95,0.0082115429,0.00049498933,0.0099975159,0.0082643349,0.00081024965,0.010133223,0.94410986,0.012291032,0.82135832,0.049511231,0.86998171,0.94045687,0.021596277,0.81556827,0.07995972,0.86720431,0.0009024383,0.000040114242,0.00056845817,1.5875193,1.5329895,0.070566744,0.014750305,1.0355709,,,,,,,,,,,,,,,,,,,,,,,,,,,,,,,,,,,,,,,,,,,,,,,,,,,,,
2707,Columbia University In The City Of New York,95.5,95-96,0.0091111874,0.00092329911,0.0099975159,0.011777528,0.0018401254,0.010133223,0.98390049,0.023140255,0.91134512,0.092352852,0.92625743,1.0083692,0.042350307,1.1622688,0.18159331,1.1526222,0.0012861238,0.00010462454,0.00056845817,2.2624774,2.023694,0.18404967,0.037166033,1.1179938,,,,,,,,,,,,,,,,,,,,,,,,,,,,,,,,,,,,,,,,,,,,,,,,,,,,,
2707,Columbia University In The City Of New York,96.5,96-97,0.0098407287,0.0008968031,0.0099975159,0.0105763,0.0016419543,0.010133223,1.0406375,0.02188593,0.98431736,0.089702591,0.94587922,1.0932239,0.041042145,1.0437253,0.16203673,0.95472229,0.0015866881,0.00011570725,0.00056845817,2.7912135,2.2997839,0.20354576,0.039443426,1.2136852,,,,,,,,,,,,,,,,,,,,,,,,,,,,,,,,,,,,,,,,,,,,,,,,,,,,,
2707,Columbia University In The City Of New York,97.5,97-98,0.011673247,0.00089029962,0.0099975159,0.014544154,0.0017726514,0.010133223,1.0618472,0.02038572,1.1676148,0.089052081,1.0996072,1.1343453,0.039279833,1.435294,0.17493463,1.2653061,0.0021669415,0.00013438094,0.00056845817,3.8119631,2.6143105,0.23639548,0.041865896,1.4581141,,,,,,,,,,,,,,,,,,,,,,,,,,,,,,,,,,,,,,,,,,,,,,,,,,,,,
2707,Columbia University In The City Of New York,98.5,98-99,0.013613031,0.00090342306,0.0099975159,0.01262382,0.0015507288,0.010133223,1.0741554,0.019038118,1.3616414,0.090364754,1.267639,1.1577343,0.037063334,1.2457852,0.15303412,1.0760546,0.0027703787,0.00015120611,0.00056845817,4.8734961,3.0278783,0.26599339,0.044874307,1.6095417,,,,,,,,,,,,,,,,,,,,,,,,,,,,,,,,,,,,,,,,,,,,,,,,,,,,,
2707,Columbia University In The City Of New York,99.400002,99-99.9,0.014533797,0.00090237934,0.0099975159,,,0.010133223,1.1038181,0.019123705,1.4537408,0.090260357,1.3170112,,,,,,0.0036347983,0.00018233326,0.00056845817,6.394135,3.5141776,0.32075053,0.05095594,1.8195254,,,,,,,,,,,,,,,,,,,,,,,,,,,,,,,,,,,,,,,,,,,,,,,,,,,,,
2707,Columbia University In The City Of New York,99.5,Top 1,0.015519165,0.00086200214,0.0099975159,0.01700498,0.0015829186,0.010133223,1.0919437,0.01766788,1.552302,0.086221635,1.4215952,1.1032453,0.032411192,1.6781414,0.15621078,1.5210955,0.004055629,0.00018264755,0.00056845817,7.1344371,3.5850837,0.3213034,0.048904866,1.9900336,,,,,,,,,,,,,,,,,,,,,,,,,,,,,,,,,,,,,,,,,,,,,,,,,,,,,
2707,Columbia University In The City Of New York,100,Top 0.1,0.023024304,0.0028957487,0.0099975159,,,0.010133223,1.0085368,0.046177659,2.3030024,0.28964683,2.2835085,,,,,,0.0079298159,0.00080823351,0.00056845817,13.949691,4.2330866,1.4217994,0.17025965,3.2953947,,,,,,,,,,,,,,,,,,,,,,,,,,,,,,,,,,,,,,,,,,,,,,,,,,,,,
2711,Cornell University,10,0-20,0.012218312,0.0011307073,0.011740782,0.023364117,0.0037472332,0.018858287,1.1364199,0.02843442,1.0406728,0.096305959,0.91574669,1.2685859,0.06351544,1.2389311,0.19870485,0.97662371,0.00044995995,0.000026373707,0.0013760885,0.32698476,0.48751268,0.019165706,0.006871141,0.67072052,,,,,,,,,,,,,,,,,,,,,,,,,,,,,,,,,,,,,,,,,,,,,,,,,,,,,
2711,Cornell University,30,20-40,0.01308782,0.00092009106,0.011740782,0.022959786,0.0030088783,0.018858287,1.2102206,0.0236075,1.1147316,0.078367099,0.92109782,1.178744,0.050025482,1.2174904,0.15955204,1.032871,0.00056676619,0.000025032448,0.0013760885,0.41186756,0.54599726,0.018191017,0.0061654067,0.75433999,,,,,,,,,,,,,,,,,,,,,,,,,,,,,,,,,,,,,,,,,,,,,,,,,,,,,
2711,Cornell University,50,40-60,0.011795697,0.00063423824,0.011740782,0.017574906,0.0018183878,0.018858287,0.99610174,0.01551727,1.0046773,0.054020099,1.0086092,0.99895167,0.031742528,0.93194604,0.096423805,0.93292403,0.0006739028,0.000023913955,0.0013760885,0.48972344,0.58090281,0.017378211,0.0055413973,0.8430385,,,,,,,,,,,,,,,,,,,,,,,,,,,,,,,,,,,,,,,,,,,,,,,,,,,,,
2711,Cornell University,65,60-70,0.011104289,0.00066198892,0.011740782,0.017846368,0.0019034194,0.018858287,0.89547282,0.015847938,0.94578785,0.056383714,1.0561882,0.87213469,0.030973328,0.94634086,0.10093278,1.0850856,0.00080226891,0.000033083808,0.0013760885,0.5830068,0.64124697,0.024041919,0.0073762876,0.90917671,,,,,,,,,,,,,,,,,,,,,,,,,,,,,,,,,,,,,,,,,,,,,,,,,,,,,
2711,Cornell University,75,70-80,0.0098477276,0.00047381924,0.011740782,0.012313556,0.001251394,0.018858287,0.87766886,0.012157678,0.83876246,0.040356699,0.95567077,0.81865752,0.02371897,0.65295196,0.066357777,0.79758865,0.00094066467,0.000033082786,0.0013760885,0.68357861,0.7629835,0.024041176,0.0075068418,0.89592844,,,,,,,,,,,,,,,,,,,,,,,,,,,,,,,,,,,,,,,,,,,,,,,,,,,,,
2711,Cornell University,85,80-90,0.01081537,0.00036352786,0.011740782,0.015245785,0.0010285394,0.018858287,0.92897928,0.0092098555,0.92117965,0.03096283,0.99160409,0.89692986,0.01864255,0.80843955,0.054540444,0.9013409,0.0014876432,0.000038547856,0.0013760885,1.0810666,1.1110132,0.02801263,0.0084988317,0.97304571,,,,,,,,,,,,,,,,,,,,,,,,,,,,,,,,,,,,,,,,,,,,,,,,,,,,,
2711,Cornell University,92.5,90-95,0.010348632,0.00035521534,0.011740782,0.017838012,0.001183368,0.018858287,0.99464011,0.0097498372,0.8814261,0.030254826,0.88617587,1.0221506,0.021169886,0.94589782,0.062750556,0.9253996,0.0022746655,0.000063670603,0.0013760885,1.6529937,1.7414435,0.046269264,0.014368332,0.94920892,,,,,,,,,,,,,,,,,,,,,,,,,,,,,,,,,,,,,,,,,,,,,,,,,,,,,
2711,Cornell University,95.5,95-96,0.011799295,0.00068989489,0.011740782,0.019668486,0.0023493392,0.018858287,1.066336,0.018801566,1.0049838,0.058760557,0.94246441,1.0489804,0.040776491,1.0429624,0.12457861,0.99426305,0.0035245719,0.00017320046,0.0013760885,2.5612974,2.3706644,0.12586434,0.036755256,1.0804133,,,,,,,,,,,,,,,,,,,,,,,,,,,,,,,,,,,,,,,,,,,,,,,,,,,,,
2711,Cornell University,96.5,96-97,0.013487599,0.00070361502,0.011740782,0.023407897,0.0023971307,0.018858287,1.0647045,0.017734716,1.148782,0.059929144,1.0789679,1.1329038,0.039459556,1.2412525,0.12711285,1.095638,0.0041268934,0.00018618292,0.0013760885,2.9990029,2.543025,0.13529865,0.037939027,1.1793053,,,,,,,,,,,,,,,,,,,,,,,,,,,,,,,,,,,,,,,,,,,,,,,,,,,,,
2711,Cornell University,97.5,97-98,0.014321391,0.00066766789,0.011740782,0.023769584,0.0022671081,0.018858287,1.1164526,0.016868228,1.2197987,0.056867409,1.0925665,1.1353548,0.037267193,1.2604318,0.12021813,1.1101656,0.0049062688,0.00020215152,0.0013760885,3.5653732,2.9343607,0.14690299,0.040519081,1.2150426,,,,,,,,,,,,,,,,,,,,,,,,,,,,,,,,,,,,,,,,,,,,,,,,,,,,,
2711,Cornell University,98.5,98-99,0.013989284,0.00061404402,0.011740782,0.024505595,0.0021307385,0.018858287,1.0875816,0.015677851,1.1915121,0.052300096,1.095561,1.1005031,0.034339741,1.2994603,0.11298685,1.1807874,0.0055638249,0.00021385709,0.0013760885,4.0432177,3.1836989,0.1554094,0.042024281,1.2699749,,,,,,,,,,,,,,,,,,,,,,,,,,,,,,,,,,,,,,,,,,,,,,,,,,,,,
2711,Cornell University,99.400002,99-99.9,0.016592866,0.00064014003,0.011740782,,,0.018858287,1.1374639,0.015742548,1.4132675,0.054522775,1.2424724,,,,,,0.0078185853,0.00026688486,0.0013760885,5.681746,3.7374392,0.19394454,0.04793242,1.5202243,,,,,,,,,,,,,,,,,,,,,,,,,,,,,,,,,,,,,,,,,,,,,,,,,,,,,
2711,Cornell University,99.5,Top 1,0.016954012,0.00060109538,0.011740782,0.024668168,0.0018969546,0.018858287,1.1303431,0.014613651,1.4440274,0.051197216,1.2775126,1.0768489,0.030299716,1.308081,0.10058997,1.2147304,0.0082498631,0.00026037797,0.0013760885,5.9951544,3.8077595,0.18921602,0.045943994,1.5744572,,,,,,,,,,,,,,,,,,,,,,,,,,,,,,,,,,,,,,,,,,,,,,,,,,,,,
2711,Cornell University,100,Top 0.1,0.019525487,0.0017638478,0.011740782,,,0.018858287,1.0954159,0.040420812,1.6630483,0.15023255,1.5181888,,,,,,0.012346002,0.0010104007,0.0013760885,8.9718084,4.4455905,0.73425561,0.15838414,2.0181365,,,,,,,,,,,,,,,,,,,,,,,,,,,,,,,,,,,,,,,,,,,,,,,,,,,,,
2573,Dartmouth College,10,0-20,0.0052695475,0.001213684,0.0073138908,0.0067889672,0.001782377,0.0077172639,0.96782297,0.049188923,0.72048485,0.16594231,0.74443871,1.0377128,0.080951095,0.87971169,0.23095971,0.84774101,0.0001177809,0.000013411494,0.00043652771,0.26981309,0.41333309,0.030723123,0.0091349464,0.65277398,,,,,,,,,,,,,,,,,,,,,,,,,,,,,,,,,,,,,,,,,,,,,,,,,,,,,
2573,Dartmouth College,30,20-40,0.0049669752,0.00099968142,0.0073138908,0.0034736746,0.0011588071,0.0077172639,1.1381899,0.044253301,0.6791153,0.13668257,0.59666252,1.1167809,0.067261584,0.45011738,0.15015776,0.40304896,0.00011749894,0.000011423818,0.00043652771,0.26916718,0.47569358,0.026169743,0.0082903886,0.56584156,,,,,,,,,,,,,,,,,,,,,,,,,,,,,,,,,,,,,,,,,,,,,,,,,,,,,
2573,Dartmouth College,50,40-60,0.0056474335,0.00073587452,0.0073138908,0.0053196237,0.0010021264,0.0077172639,0.95849472,0.028196165,0.77215171,0.10061327,0.80558783,0.88186598,0.0411488,0.68931472,0.12985514,0.78165472,0.00016158306,0.000011701171,0.00043652771,0.37015533,0.5333482,0.026805105,0.0076663266,0.69402188,,,,,,,,,,,,,,,,,,,,,,,,,,,,,,,,,,,,,,,,,,,,,,,,,,,,,
2573,Dartmouth College,65,60-70,0.0059709419,0.00081498106,0.0073138908,0.0032333692,0.00077827642,0.0077172639,0.85108274,0.028261172,0.81638378,0.11142921,0.95922965,0.73187929,0.039013308,0.41897869,0.10084875,0.57246965,0.00021863598,0.000017194274,0.00043652771,0.50085247,0.57658046,0.039388735,0.010124271,0.86866015,,,,,,,,,,,,,,,,,,,,,,,,,,,,,,,,,,,,,,,,,,,,,,,,,,,,,
2573,Dartmouth College,75,70-80,0.0052383612,0.00055984512,0.0073138908,0.0058029639,0.00085520704,0.0077172639,0.79539526,0.020883873,0.71622086,0.076545455,0.90045905,0.7100141,0.030319411,0.75194573,0.11081739,1.0590575,0.00025049297,0.000017142742,0.00043652771,0.5738306,0.66549772,0.039270684,0.010135064,0.86225778,,,,,,,,,,,,,,,,,,,,,,,,,,,,,,,,,,,,,,,,,,,,,,,,,,,,,
2573,Dartmouth College,85,80-90,0.0055702012,0.00041927019,0.0073138908,0.0046613598,0.0005712058,0.0077172639,0.82002395,0.015212892,0.76159209,0.057325192,0.92874372,0.78340012,0.023947671,0.60401714,0.074016623,0.77102,0.00036134219,0.000019050072,0.00043652771,0.82776457,0.9973526,0.043640006,0.011633176,0.82996184,,,,,,,,,,,,,,,,,,,,,,,,,,,,,,,,,,,,,,,,,,,,,,,,,,,,,
2573,Dartmouth College,92.5,90-95,0.0054004481,0.00040935635,0.0073138908,0.0050900304,0.00063663395,0.0077172639,0.86923802,0.015590689,0.7383824,0.055969711,0.84945941,0.86618829,0.027008541,0.65956414,0.082494773,0.76145583,0.00059373648,0.000032530377,0.00043652771,1.3601347,1.6150618,0.074520759,0.02006126,0.84215647,,,,,,,,,,,,,,,,,,,,,,,,,,,,,,,,,,,,,,,,,,,,,,,,,,,,,
2573,Dartmouth College,95.5,95-96,0.0055819517,0.00072369236,0.0073138908,0.0067982562,0.0013946187,0.0077172639,0.92907882,0.029300742,0.76319867,0.098947659,0.82145739,0.99098617,0.054575898,0.88091534,0.18071413,0.888928,0.00077394152,0.000081511382,0.00043652771,1.7729493,2.1864951,0.1867267,0.051232234,0.81086361,,,,,,,,,,,,,,,,,,,,,,,,,,,,,,,,,,,,,,,,,,,,,,,,,,,,,
2573,Dartmouth College,96.5,96-97,0.007731209,0.00079317804,0.0073138908,0.0078301262,0.0014023759,0.0077172639,1.0653156,0.02922491,1.0570583,0.10844816,0.99224901,1.090909,0.05332895,1.0146247,0.1817193,0.93007272,0.0013384289,0.00010575196,0.00043652771,3.0660801,2.7743559,0.24225716,0.057535939,1.1051502,,,,,,,,,,,,,,,,,,,,,,,,,,,,,,,,,,,,,,,,,,,,,,,,,,,,,
2573,Dartmouth College,97.5,97-98,0.0077013238,0.00068524666,0.0073138908,0.011731779,0.0016055678,0.0077172639,1.1488311,0.027611917,1.0529722,0.093691126,0.91655958,1.2936265,0.054535534,1.5201993,0.20804884,1.1751454,0.0016627671,0.00011759483,0.00043652771,3.8090758,3.3809431,0.26938686,0.063140467,1.1266311,,,,,,,,,,,,,,,,,,,,,,,,,,,,,,,,,,,,,,,,,,,,,,,,,,,,,
2573,Dartmouth College,98.5,98-99,0.0097047361,0.0007317416,0.0073138908,0.011947716,0.0015043068,0.0077172639,1.3268117,0.027626811,1.3268911,0.1000482,1.0000598,1.3859125,0.05227495,1.5481802,0.19492748,1.1170837,0.0023465774,0.00013925089,0.00043652771,5.3755517,4.3230953,0.31899667,0.07099241,1.2434497,,,,,,,,,,,,,,,,,,,,,,,,,,,,,,,,,,,,,,,,,,,,,,,,,,,,,
2573,Dartmouth College,99.400002,99-99.9,0.016949276,0.000965051,0.0073138908,,,0.0077172639,1.5757586,0.028950393,2.3174088,0.1319477,1.4706624,,,,,,0.0045474605,0.0002035568,0.00043652771,10.417347,5.8561773,0.46630901,0.086826555,1.7788646,,,,,,,,,,,,,,,,,,,,,,,,,,,,,,,,,,,,,,,,,,,,,,,,,,,,,
2573,Dartmouth College,99.5,Top 1,0.018967163,0.00093612541,0.0073138908,0.023098718,0.0018399815,0.0077172639,1.6197147,0.027212054,2.5933068,0.12799281,1.6010886,1.7242031,0.051044308,2.9931228,0.23842408,1.7359456,0.0054111397,0.00021124202,0.00043652771,12.395867,6.1739984,0.48391435,0.084679194,2.0077536,,,,,,,,,,,,,,,,,,,,,,,,,,,,,,,,,,,,,,,,,,,,,,,,,,,,,
2573,Dartmouth College,100,Top 0.1,0.032102767,0.003056807,0.0073138908,,,0.0077172639,1.9232275,0.080191687,4.389287,0.41794538,2.2822504,,,,,,0.013445635,0.0010603579,0.00043652771,30.801332,9.0807438,2.4290736,0.32694551,3.3919394,,,,,,,,,,,,,,,,,,,,,,,,,,,,,,,,,,,,,,,,,,,,,,,,,,,,,
2920,Duke University,10,0-20,0.0053249141,0.0010534567,0.0086089736,0.0059708715,0.0019914925,0.011665631,0.82890105,0.034462735,0.61853063,0.12236728,0.74620563,0.75391698,0.057658114,0.51183444,0.17071451,0.6789003,0.00012293246,0.000013673602,0.00060271379,0.2039649,0.4460929,0.022686724,0.0069974363,0.45722517,,,,,,,,,,,,,,,,,,,,,,,,,,,,,,,,,,,,,,,,,,,,,,,,,,,,,
2920,Duke University,30,20-40,0.0054505342,0.00083099981,0.0086089736,0.010787663,0.0020813143,0.011665631,0.84192729,0.027317327,0.63312244,0.096527167,0.75199181,0.83710915,0.048748355,0.92473894,0.17841421,1.1046815,0.0001442003,0.000012591735,0.00060271379,0.2392517,0.51507211,0.020891732,0.0063833105,0.46450138,,,,,,,,,,,,,,,,,,,,,,,,,,,,,,,,,,,,,,,,,,,,,,,,,,,,,
2920,Duke University,50,40-60,0.0057071969,0.00058538065,0.0086089736,0.008896254,0.0012914744,0.011665631,0.81922781,0.018830022,0.66293579,0.067996569,0.80922031,0.79443359,0.03225046,0.76260376,0.11070763,0.95993394,0.00020392325,0.000013150703,0.00060271379,0.33834177,0.58282322,0.021819152,0.0059537101,0.58052212,,,,,,,,,,,,,,,,,,,,,,,,,,,,,,,,,,,,,,,,,,,,,,,,,,,,,
2920,Duke University,65,60-70,0.0052622282,0.0006133159,0.0086089736,0.0059926193,0.0011183748,0.011665631,0.78660566,0.01955167,0.61124921,0.071241468,0.77707195,0.71423846,0.031792179,0.5136987,0.095869206,0.71922576,0.00024324599,0.000018192386,0.00060271379,0.40358457,0.64283556,0.030184122,0.0079312352,0.6278193,,,,,,,,,,,,,,,,,,,,,,,,,,,,,,,,,,,,,,,,,,,,,,,,,,,,,
2920,Duke University,75,70-80,0.0060833613,0.00050898461,0.0086089736,0.006738028,0.00091008615,0.011665631,0.83668494,0.015420376,0.70663029,0.059122566,0.84455961,0.76292127,0.025723163,0.57759655,0.078014307,0.75708538,0.00034063344,0.000019964926,0.00060271379,0.56516618,0.77697903,0.033125054,0.0081375465,0.72738922,,,,,,,,,,,,,,,,,,,,,,,,,,,,,,,,,,,,,,,,,,,,,,,,,,,,,
2920,Duke University,85,80-90,0.006552733,0.00037720636,0.0086089736,0.0085008703,0.00077778473,0.011665631,0.8766728,0.011350341,0.76115149,0.043815486,0.86822754,0.8813538,0.020660561,0.72871071,0.066673182,0.82680839,0.00051615667,0.000022710929,0.00060271379,0.85638767,1.0640093,0.037681118,0.0089270463,0.80486858,,,,,,,,,,,,,,,,,,,,,,,,,,,,,,,,,,,,,,,,,,,,,,,,,,,,,
2920,Duke University,92.5,90-95,0.0074809268,0.00040483821,0.0086089736,0.0090621086,0.0008479688,0.011665631,0.96533465,0.012077937,0.86896849,0.047025144,0.90017331,0.96484059,0.023148093,0.77682114,0.072689489,0.80512899,0.00094073801,0.000040977899,0.00060271379,1.560837,1.6453159,0.067988984,0.01503374,0.94865495,,,,,,,,,,,,,,,,,,,,,,,,,,,,,,,,,,,,,,,,,,,,,,,,,,,,,
2920,Duke University,95.5,95-96,0.007224821,0.00071781961,0.0086089736,0.0093281064,0.0016085133,0.011665631,1.0882595,0.023699425,0.83921981,0.083380394,0.77115786,1.1205335,0.046994034,0.79962295,0.13788481,0.71360916,0.001368563,0.00010805114,0.00060271379,2.2706683,2.2674077,0.17927437,0.038729776,1.001438,,,,,,,,,,,,,,,,,,,,,,,,,,,,,,,,,,,,,,,,,,,,,,,,,,,,,
2920,Duke University,96.5,96-97,0.0084556574,0.00071406155,0.0086089736,0.012346277,0.0017490073,0.011665631,1.1455402,0.022494217,0.98219115,0.082943864,0.85740429,1.1832832,0.044855893,1.0583463,0.14992821,0.89441502,0.0016689019,0.00011903865,0.00060271379,2.7689791,2.5386875,0.19750443,0.040721793,1.0907129,,,,,,,,,,,,,,,,,,,,,,,,,,,,,,,,,,,,,,,,,,,,,,,,,,,,,
2920,Duke University,97.5,97-98,0.011622772,0.00076633028,0.0086089736,0.015599515,0.0018375462,0.011665631,1.2395068,0.021350306,1.3500763,0.08901529,1.0892044,1.2467953,0.043395869,1.33722,0.15751794,1.0725256,0.002764045,0.00015134945,0.00060271379,4.5859995,3.123328,0.2511133,0.044890601,1.4683055,,,,,,,,,,,,,,,,,,,,,,,,,,,,,,,,,,,,,,,,,,,,,,,,,,,,,
2920,Duke University,98.5,98-99,0.012496449,0.00074070127,0.0086089736,0.017141188,0.0017933004,0.011665631,1.2619566,0.020189527,1.4515609,0.086038277,1.1502463,1.2622021,0.040538587,1.4693751,0.1537251,1.1641362,0.0032950237,0.00016435565,0.00060271379,5.466979,3.488472,0.27269268,0.047237132,1.5671557,,,,,,,,,,,,,,,,,,,,,,,,,,,,,,,,,,,,,,,,,,,,,,,,,,,,,
2920,Duke University,99.400002,99-99.9,0.019589972,0.00088895072,0.0086089736,,,0.011665631,1.430859,0.020778984,2.2755294,0.10325862,1.590324,,,,,,0.0063729468,0.00024104663,0.00060271379,10.573753,4.4128785,0.39993548,0.055793207,2.3961124,,,,,,,,,,,,,,,,,,,,,,,,,,,,,,,,,,,,,,,,,,,,,,,,,,,,,
2920,Duke University,99.5,Top 1,0.020571183,0.00084045867,0.0086089736,0.03063521,0.0021129022,0.011665631,1.4403,0.019345704,2.3895047,0.097625889,1.6590326,1.5272751,0.039038148,2.6261082,0.18112199,1.7194729,0.0071118395,0.0002415662,0.00060271379,11.799696,4.5797868,0.40079755,0.053922426,2.5764728,,,,,,,,,,,,,,,,,,,,,,,,,,,,,,,,,,,,,,,,,,,,,,,,,,,,,
2920,Duke University,100,Top 0.1,0.02822981,0.0026097605,0.0086089736,,,0.011665631,1.526432,0.054072689,3.2791145,0.30314422,2.1482217,,,,,,0.013801567,0.0010700545,0.00060271379,22.89904,6.1161065,1.7753941,0.19683941,3.7440553,,,,,,,,,,,,,,,,,,,,,,,,,,,,,,,,,,,,,,,,,,,,,,,,,,,,,
129,Harvard University,10,0-20,0.035773583,0.0048990641,0.020122115,0.020756634,0.0035374898,0.010602609,0.9998154,0.038731441,1.7778243,0.24346666,1.7781525,1.0915587,0.056290008,1.9576911,0.33364332,1.7934822,0.00021618807,0.000018201745,0.00056382903,0.38342842,0.55032027,0.032282382,0.0073103583,0.69673687,,,,,,,,,,,,,,,,,,,,,,,,,0.00020539286,0.000017873826,0.00085129851,,,,,,,0.24127008,0.44880641,0.020995956,0.0071361563,0.53758162,,,,,,,,,,,Private,0,Ivy Plus,Ivy Plus,Ivy Plus
129,Harvard University,30,20-40,0.033579871,0.0037901569,0.020122115,0.019439446,0.0028150175,0.010602609,1.0103835,0.031364843,1.6688043,0.18835779,1.6516544,1.0391865,0.044133615,1.8334587,0.26550233,1.7643211,0.0002894965,0.000017840322,0.00056382903,0.51344728,0.58499199,0.031641368,0.006381819,0.87769967,,,,,,,,,,,,,,,,,,,,,,,,,0.00017206867,0.000013793356,0.00085129851,,,,,,,0.20212495,0.50710577,0.016202725,0.0064296126,0.39858541,,,,,,,,,,,Private,0,Ivy Plus,Ivy Plus,Ivy Plus
129,Harvard University,50,40-60,0.02226796,0.0021420666,0.020122115,0.012934566,0.001572473,0.010602609,0.95912033,0.02111594,1.1066412,0.10645335,1.1538085,0.97560179,0.029304471,1.2199419,0.14831001,1.2504506,0.0003007263,0.000015925534,0.00056382903,0.53336436,0.64736074,0.028245324,0.0058827992,0.82390594,,,,,,,,,,,,,,,,,,,,,,,,,,,,,,,,,,,,,,,,,,,,,,,,,,,,,
129,Harvard University,65,60-70,0.019233868,0.0020181623,0.020122115,0.0097771725,0.001435961,0.010602609,0.91166824,0.021215679,0.95585716,0.10029574,1.0484704,0.93358201,0.029750204,0.92214775,0.13543469,0.98775226,0.00030829638,0.000020498386,0.00056382903,0.54679054,0.68846291,0.036355678,0.0077253226,0.79421932,,,,,,,,,,,,,,,,,,,,,,,,,,,,,,,,,,,,,,,,,,,,,,,,,,,,,
129,Harvard University,75,70-80,0.016676204,0.0014910385,0.020122115,0.0081739351,0.0010186472,0.010602609,0.90503246,0.016335718,0.82875007,0.074099496,0.91571307,0.86091322,0.022621514,0.77093619,0.096075147,0.89548653,0.0003669229,0.000020733452,0.00056382903,0.65076977,0.79392427,0.036772586,0.0077280411,0.81968749,,,,,,,,,,,,,,,,,,,,,,,,,,,,,,,,,,,,,,,,,,,,,,,,,,,,,
129,Harvard University,85,80-90,0.015635561,0.0010566036,0.020122115,0.0064358744,0.00067523273,0.010602609,0.93590403,0.011980994,0.77703369,0.052509572,0.83024931,0.92435133,0.017634016,0.60700852,0.063685521,0.65668595,0.00051326159,0.000022622777,0.00056382903,0.9103142,1.0836682,0.04012347,0.00850855,0.84003037,,,,,,,,,,,,,,,,,,,,,,,,,,,,,,,,,,,,,,,,,,,,,,,,,,,,,
129,Harvard University,92.5,90-95,0.015905512,0.0010222035,0.020122115,0.0081491787,0.00079857424,0.010602609,0.97281331,0.012285301,0.79044938,0.050800003,0.81253964,0.94812906,0.019290224,0.76860124,0.075318649,0.81065047,0.00084521185,0.000038864593,0.00056382903,1.4990569,1.5944806,0.068929747,0.014031208,0.94015372,,,,,,,,,,,,,,,,,,,,,,,,,,,,,,,,,,,,,,,,,,,,,,,,,,,,,
129,Harvard University,95.5,95-96,0.015460062,0.0018509341,0.020122115,0.0072455443,0.001423172,0.010602609,0.97380435,0.022747051,0.76831198,0.091985069,0.78897983,1.026971,0.037905421,0.68337369,0.13422847,0.66542649,0.0011454128,0.000099261924,0.00056382903,2.0314896,2.036463,0.17604968,0.034902494,0.99755782,,,,,,,,,,,,,,,,,,,,,,,,,,,,,,,,,,,,,,,,,,,,,,,,,,,,,
129,Harvard University,96.5,96-97,0.018701101,0.0018350342,0.020122115,0.0099577177,0.0015270531,0.010602609,1.0391747,0.021354651,0.92938048,0.091194898,0.89434481,1.0914248,0.036441777,0.93917614,0.14402616,0.86050463,0.0014652426,0.00011132226,0.00056382903,2.5987356,2.3047924,0.19743975,0.0369973,1.1275356,,,,,,,,,,,,,,,,,,,,,,,,,,,,,,,,,,,,,,,,,,,,,,,,,,,,,
129,Harvard University,97.5,97-98,0.023877496,0.0019248248,0.020122115,0.0094124973,0.0014509101,0.010602609,1.0814081,0.019857446,1.1866295,0.095657185,1.0973003,1.0835849,0.034330789,0.88775289,0.13684464,0.81927395,0.0020267104,0.00012992269,0.00056382903,3.5945477,2.7058697,0.23042922,0.039879605,1.328426,,,,,,,,,,,,,,,,,,,,,,,,,,,,,,,,,,,,,,,,,,,,,,,,,,,,,
129,Harvard University,98.5,98-99,0.020868978,0.0016157806,0.020122115,0.012220225,0.0015160524,0.010602609,1.0900937,0.018702272,1.0371165,0.080298752,0.95140123,1.1409274,0.03284999,1.1525677,0.14298861,1.0102025,0.0023331777,0.00013925089,0.00056382903,4.1380944,3.0783899,0.2469736,0.042418327,1.3442398,,,,,,,,,,,,,,,,,,,,,,,,,,,,,,,,,,,,,,,,,,,,,,,,,,,,,
129,Harvard University,99.400002,99-99.9,0.028537508,0.0018477633,0.020122115,,,0.010602609,1.1667327,0.019049851,1.4182161,0.091827489,1.2155451,,,,,,0.0037523413,0.00018506504,0.00056382903,6.6551046,3.6848416,0.32822901,0.048934568,1.8060762,,,,,,,,,,,,,,,,,,,,,,,,,,,,,,,,,,,,,,,,,,,,,,,,,,,,,
129,Harvard University,99.5,Top 1,0.031020455,0.0017626028,0.020122115,0.021718701,0.0017869936,0.010602609,1.1665413,0.017696725,1.5416101,0.087595306,1.3215221,1.2136869,0.030040139,2.04843,0.16854282,1.6877745,0.0044453372,0.00019136387,0.00056382903,7.8841934,3.8197715,0.33940053,0.047360092,2.0640485,,,,,,,,,,,,,,,,,,,,,,,,,,,,,,,,,,,,,,,,,,,,,,,,,,,,,
129,Harvard University,100,Top 0.1,0.045827072,0.0054024193,0.020122115,,,0.010602609,1.1658809,0.048282366,2.2774482,0.26848167,1.9534141,,,,,,0.010942325,0.0009504435,0.00056382903,19.407169,5.0502033,1.6856945,0.17458926,3.842849,,,,,,,,,,,,,,,,,,,,,,,,,,,,,,,,,,,,,,,,,,,,,,,,,,,,,
2178,Massachusetts Institute Of Technology,10,0-20,0.016758166,0.0030373433,0.014204601,0.014683738,0.0030077416,0.0086422311,1.00015,0.047973331,1.1797704,0.21382813,1.1795934,1.1052163,0.070531033,1.699068,0.34802836,1.5373172,0.00017300509,0.000016280484,0.00041893701,0.41296205,0.49160019,0.038861413,0.0090198582,0.84003639,,,,,,,,,,,,,,,,,,,,,,,,,0.00026512801,0.000015017652,0.00085129851,,,,,,,0.31143954,0.55810887,0.017640878,0.0058910479,0.55802649,,,,,,,,,,,Private,0,Ivy Plus,Ivy Plus,Ivy Plus
2178,Massachusetts Institute Of Technology,30,20-40,0.013722787,0.0021473283,0.014204601,0.0080351271,0.0018724512,0.0086422311,1.0312158,0.039059464,0.96608043,0.15117133,0.93683636,1.1130507,0.056604169,0.92975146,0.21666293,0.83531815,0.00013058542,0.000012047308,0.00041893701,0.31170657,0.5170055,0.028756848,0.007822887,0.60290766,,,,,,,,,,,,,,,,,,,,,,,,,0.00039018464,0.000023098741,0.00085129851,,,,,,,0.45834056,0.60914439,0.027133537,0.0078118374,0.75243336,,,,,,,,,,,Private,0,Ivy Plus,Ivy Plus,Ivy Plus
2178,Massachusetts Institute Of Technology,50,40-60,0.014583995,0.001540594,0.014204601,0.0087600974,0.001305618,0.0086422311,1.0354073,0.026328409,1.0267092,0.10845739,0.99159932,1.1711868,0.039379898,1.0136384,0.15107419,0.86547965,0.00021332419,0.000013448634,0.00041893701,0.50920349,0.64498699,0.032101803,0.0076347822,0.78947872,,,,,,,,,,,,,,,,,,,,,,,,,0.0004854993,0.000023816092,0.00085129851,,,,,,,0.57030439,0.71456021,0.027976194,0.0078753224,0.79811943,,,,,,,,,,,Private,0,Ivy Plus,Ivy Plus,Ivy Plus
2178,Massachusetts Institute Of Technology,65,60-70,0.012194498,0.0014567223,0.014204601,0.0095745251,0.001390802,0.0086422311,0.99143153,0.027206361,0.85848933,0.10255285,0.86590886,0.94088686,0.036946725,1.1078765,0.16093089,1.1774812,0.00025020554,0.000018496381,0.00041893701,0.59723908,0.72736174,0.044150744,0.010274271,0.82110322,,,,,,,,,,,,,,,,,,,,,,,,,0.00086565549,0.000029399658,0.00085129851,,,,,,,1.0168648,1.0833211,0.034535076,0.0090965405,0.93865502,,,,,,,,,,,Private,0,Ivy Plus,Ivy Plus,Ivy Plus
2178,Massachusetts Institute Of Technology,75,70-80,0.012216954,0.0011385933,0.014204601,0.0074500949,0.00097009825,0.0086422311,0.97277576,0.020650595,0.86007023,0.080156654,0.88414025,0.96854913,0.029454643,0.86205691,0.1122509,0.89004976,0.00028020077,0.000018107379,0.00041893701,0.66883749,0.87512654,0.0432222,0.010468202,0.76427519,,,,,,,,,,,,,,,,,,,,,,,,,0.0013268865,0.000048646874,0.00085129851,,,,,,,1.5586618,1.712889,0.057144322,0.015468203,0.90996081,,,,,,,,,,,Private,0,Ivy Plus,Ivy Plus,Ivy Plus
2178,Massachusetts Institute Of Technology,85,80-90,0.012630523,0.00081059529,0.014204601,0.0068631535,0.0006934111,0.0086422311,1.0213374,0.01521075,0.88918537,0.057065684,0.87060887,1.0065219,0.022795742,0.79414141,0.080235198,0.78899562,0.00044976495,0.000021209511,0.00041893701,1.0735861,1.2144172,0.050626971,0.011645135,0.88403398,,,,,,,,,,,,,,,,,,,,,,,,,0.0019831357,0.00013007069,0.00085129851,,,,,,,2.3295422,2.3487222,0.15279093,0.039715122,0.99183381,,,,,,,,,,,Private,0,Ivy Plus,Ivy Plus,Ivy Plus
2178,Massachusetts Institute Of Technology,92.5,90-95,0.015277062,0.00092133752,0.014204601,0.0089515317,0.00084056525,0.0086422311,1.064392,0.015847361,1.075501,0.064861909,1.0104369,1.0818115,0.025466301,1.0357895,0.097262532,0.95745832,0.00079469167,0.000037700167,0.00041893701,1.896924,1.762234,0.089990065,0.019151939,1.0764314,,,,,,,,,,,,,,,,,,,,,,,,,0.0024195497,0.0001424052,0.00085129851,,,,,,,2.8421872,2.6786306,0.16727999,0.042194549,1.0610598,,,,,,,,,,,Private,0,Ivy Plus,Ivy Plus,Ivy Plus
2178,Massachusetts Institute Of Technology,95.5,95-96,0.016033344,0.001696841,0.014204601,0.01012685,0.0016814959,0.0086422311,1.0487499,0.029284475,1.1287431,0.11945714,1.0762748,1.0475718,0.047605678,1.1717864,0.19456734,1.1185739,0.0011478212,0.000098894023,0.00041893701,2.7398419,2.1602473,0.23605941,0.046743054,1.2683002,,,,,,,,,,,,,,,,,,,,,,,,,0.0032265384,0.00016343847,0.00085129851,,,,,,,3.7901375,3.1008108,0.19198726,0.04509886,1.2223053,,,,,,,,,,,Private,0,Ivy Plus,Ivy Plus,Ivy Plus
2178,Massachusetts Institute Of Technology,96.5,96-97,0.01858899,0.0016900217,0.014204601,0.010792824,0.0016233927,0.0086422311,1.0390482,0.0268654,1.3086598,0.11897706,1.2594794,1.0562053,0.045059554,1.248847,0.18784417,1.1823905,0.0015157906,0.000112908,0.00041893701,3.6181827,2.3435938,0.26951069,0.048598878,1.5438608,,,,,,,,,,,,,,,,,,,,,,,,,0.0049782647,0.000202304,0.00085129851,,,,,,,5.8478484,3.6868503,0.23764168,0.04885387,1.5861367,,,,,,,,,,,Private,0,Ivy Plus,Ivy Plus,Ivy Plus
2178,Massachusetts Institute Of Technology,97.5,97-98,0.014719711,0.0013242095,0.014204601,0.010246358,0.0014831896,0.0086422311,1.0185885,0.024378942,1.0362636,0.093223989,1.0173525,1.0165743,0.041621312,1.1856149,0.17162114,1.1662847,0.0015291702,0.00011338953,0.00041893701,3.6501195,2.5196438,0.2706601,0.050136402,1.4486649,,,,,,,,,,,,,,,,,,,,,,,,,0.0079035219,0.00026827957,0.00085129851,,,,,,,9.2840786,4.4742632,0.31514159,0.056634545,2.074996,,,,,,,,,,,Private,0,Ivy Plus,Ivy Plus,Ivy Plus
2178,Massachusetts Institute Of Technology,98.5,98-99,0.012821614,0.0011836383,0.014204601,0.0076274998,0.0012013175,0.0086422311,0.91187018,0.022382783,0.90263808,0.083327815,0.98987561,0.86603975,0.036525801,0.88258457,0.13900548,1.019104,0.001524379,0.00011243534,0.00041893701,3.6386831,2.5308309,0.26838246,0.050303444,1.4377425,,,,,,,,,,,,,,,,,,,,,,,,,0.0090806503,0.00027299763,0.00085129851,,,,,,,10.666822,4.6484938,0.32068378,0.054788649,2.2946837,,,,,,,,,,,Private,0,Ivy Plus,Ivy Plus,Ivy Plus
2178,Massachusetts Institute Of Technology,99.400002,99-99.9,0.013226325,0.0011902937,0.014204601,,,0.0086422311,0.81620175,0.021425853,0.93112963,0.083796352,1.1408082,,,,,,0.0017645439,0.00012806703,0.00041893701,4.2119551,2.5638661,0.30569518,0.05362865,1.6428139,,,,,,,,,,,,,,,,,,,,,,,,,0.019984035,0.001282335,0.00085129851,,,,,,,23.474768,6.2419434,1.5063283,0.20128514,3.7608109,,,,,,,,,,,Private,0,Ivy Plus,Ivy Plus,Ivy Plus
2178,Massachusetts Institute Of Technology,99.5,Top 1,0.013489231,0.001116805,0.014204601,0.0090373605,0.0011625581,0.0086422311,0.79850036,0.019816024,0.94963819,0.078622766,1.1892771,0.74579352,0.030420378,1.0457208,0.13452061,1.4021586,0.0018952234,0.0001251255,0.00041893701,4.5238862,2.5686238,0.29867378,0.051043689,1.7612101,,,,,,,,,,,,,,,,,,,,,,,,,,,,,,,,,,,,,,,,,,,,,,,,,,,,,
2178,Massachusetts Institute Of Technology,100,Top 0.1,0.016107565,0.003421627,0.014204601,,,0.0086422311,0.68343657,0.052392274,1.1339681,0.24088161,1.6592149,,,,,,0.0028822576,0.00048991258,0.00041893701,6.8799305,2.6191247,1.1694182,0.16624108,2.6268053,,,,,,,,,,,,,,,,,,,,,,,,,0.00016257,0.000015838472,0.00052232109,,,,,,,0.31124532,0.55742562,0.030323248,0.0085937353,0.55836207,,,,,,,,,,,Private,0,Ivy Plus,Ivy Plus,Ivy Plus
2627,Princeton University,10,0-20,0.01347402,0.0026190195,0.014920946,0.010232737,0.002514252,0.0091392286,1.0220221,0.042118177,0.90302718,0.17552637,0.88356912,1.0953673,0.06130702,1.11965,0.27510548,1.0221685,0.00015293685,0.000015306654,0.00048667673,0.31424731,0.48848587,0.031451378,0.007872954,0.64330888,,,,,,,,,,,,,,,,,,,,,,,,,0.00018345434,0.000014185592,0.00052232109,,,,,,,0.35122904,0.59208077,0.027158758,0.0074904743,0.59321135,,,,,,,,,,,Private,0,Ivy Plus,Ivy Plus,Ivy Plus
2627,Princeton University,30,20-40,0.014516513,0.0021604553,0.014920946,0.0096148811,0.0020004914,0.0091392286,0.98187906,0.032672241,0.97289491,0.14479345,0.99085003,1.0628818,0.048893649,1.0520451,0.21889061,0.98980439,0.00017453459,0.00001392533,0.00048667673,0.35862532,0.52663541,0.0286131,0.0069269417,0.6809746,,,,,,,,,,,,,,,,,,,,,,,,,0.00023770261,0.000014204141,0.00052232109,,,,,,,0.45508906,0.66182011,0.027194271,0.0069369446,0.68763256,,,,,,,,,,,Private,0,Ivy Plus,Ivy Plus,Ivy Plus
2627,Princeton University,50,40-60,0.015001548,0.0016816738,0.014920946,0.0087093012,0.0012626951,0.0091392286,0.93948984,0.022621678,1.005402,0.11270557,1.0701574,0.95328462,0.031838007,0.95295805,0.13816211,0.99965745,0.00024053773,0.000014280014,0.00048667673,0.49424538,0.58075792,0.029341888,0.0063627809,0.85103512,,,,,,,,,,,,,,,,,,,,,,,,,0.00025927884,0.000018745943,0.00052232109,,,,,,,0.49639741,0.67773873,0.035889693,0.0089107463,0.73243183,,,,,,,,,,,Private,0,Ivy Plus,Ivy Plus,Ivy Plus
2627,Princeton University,65,60-70,0.011191161,0.00147876,0.014920946,0.0059037674,0.0010990384,0.0091392286,0.88301569,0.022740467,0.75003028,0.099106319,0.84939635,0.8272242,0.030974958,0.64598095,0.12025505,0.78090191,0.00022112161,0.000017355691,0.00048667673,0.45435008,0.61057705,0.035661642,0.0083114384,0.74413228,,,,,,,,,,,,,,,,,,,,,,,,,0.00032768224,0.000019586698,0.00052232109,,,,,,,0.62735784,0.76755828,0.037499342,0.0088389898,0.81734228,,,,,,,,,,,Private,0,Ivy Plus,Ivy Plus,Ivy Plus
2627,Princeton University,75,70-80,0.011767614,0.0011620622,0.014920946,0.0090649929,0.0010724252,0.0091392286,0.89259106,0.017675241,0.78866404,0.077881262,0.88356704,0.83306682,0.024486547,0.99187726,0.11734308,1.1906335,0.00031472879,0.000019165564,0.00048667673,0.64668965,0.74927694,0.03938048,0.0085725142,0.86308497,,,,,,,,,,,,,,,,,,,,,,,,,0.00050617463,0.000022467675,0.00052232109,,,,,,,0.96908712,1.0331187,0.043015063,0.0096368715,0.93802106,,,,,,,,,,,Private,0,Ivy Plus,Ivy Plus,Ivy Plus
2627,Princeton University,85,80-90,0.013963197,0.00092257129,0.014920946,0.0072654807,0.00071806723,0.0091392286,0.96032959,0.013017817,0.93581182,0.061830614,0.97446942,0.94403863,0.019507946,0.79497743,0.078569785,0.84210265,0.00050259236,0.000022445431,0.00048667673,1.0327027,1.1193365,0.046119794,0.0098543614,0.92260253,,,,,,,,,,,,,,,,,,,,,,,,,0.00079067249,0.000037530859,0.00052232109,,,,,,,1.5137671,1.565076,0.071854003,0.016116368,0.96721637,,,,,,,,,,,Private,0,Ivy Plus,Ivy Plus,Ivy Plus
2627,Princeton University,92.5,90-95,0.01445185,0.00093370717,0.014920946,0.0060043824,0.00068887247,0.0091392286,0.99116343,0.013355981,0.96856123,0.062576942,0.97719628,1.0009475,0.021605361,0.65699005,0.075375341,0.65636814,0.00076509314,0.000037018282,0.00048667673,1.5720767,1.7108824,0.076063395,0.016505376,0.9188689,,,,,,,,,,,,,,,,,,,,,,,,,0.0011053238,0.000097781995,0.00052232109,,,,,,,2.1161768,2.0756955,0.18720667,0.040849786,1.0195025,,,,,,,,,,,Private,0,Ivy Plus,Ivy Plus,Ivy Plus
2627,Princeton University,95.5,95-96,0.015996249,0.001757942,0.014920946,0.0088562183,0.0016085133,0.0091392286,1.0202595,0.024628643,1.0720667,0.11781706,1.0507784,1.0292937,0.041542634,0.96903348,0.176001,0.94145483,0.0012955231,0.00010497226,0.00048667673,2.6619787,2.288533,0.21569195,0.041963167,1.1631813,,,,,,,,,,,,,,,,,,,,,,,,,0.0013276131,0.00010541508,0.00052232109,,,,,,,2.5417566,2.3257308,0.20182045,0.043047797,1.0928851,,,,,,,,,,,Private,0,Ivy Plus,Ivy Plus,Ivy Plus
2627,Princeton University,96.5,96-97,0.013131108,0.0014294358,0.014920946,0.0085445419,0.0014239408,0.0091392286,1.0356548,0.022829121,0.88004529,0.095800616,0.84974772,1.0740772,0.039558295,0.93493032,0.15580535,0.87044978,0.0012829563,0.00010371417,0.00048667673,2.636157,2.5146582,0.2131069,0.043673556,1.0483162,,,,,,,,,,,,,,,,,,,,,,,,,0.0018932275,0.00012530458,0.00052232109,,,,,,,3.6246428,2.7339699,0.23989952,0.046391346,1.32578,,,,,,,,,,,Private,0,Ivy Plus,Ivy Plus,Ivy Plus
2627,Princeton University,97.5,97-98,0.01603812,0.0014081806,0.014920946,0.012026661,0.0015759048,0.0091392286,1.0637116,0.02100379,1.0748729,0.094376087,1.0104927,1.1122439,0.037895452,1.3159384,0.17243302,1.1831383,0.0018052869,0.00012278884,0.00048667673,3.7094169,3.011075,0.25230062,0.047519896,1.2319244,,,,,,,,,,,,,,,,,,,,,,,,,0.0027718344,0.00015120611,0.00052232109,,,,,,,5.3067632,3.2859406,0.28948882,0.050784301,1.6149906,,,,,,,,,,,Private,0,Ivy Plus,Ivy Plus,Ivy Plus
2627,Princeton University,98.5,98-99,0.016708748,0.0013405309,0.014920946,0.013074183,0.0015733999,0.0091392286,1.0817525,0.020033443,1.1198183,0.089842223,1.035189,1.1642596,0.03625112,1.4305565,0.17215894,1.2287265,0.0022195377,0.00013553203,0.00048667673,4.5605998,3.3890088,0.2784847,0.05028921,1.3457031,,,,,,,,,,,,,,,,,,,,,,,,,0.0040049907,0.00019128526,0.00052232109,,,,,,,7.6676793,3.9138045,0.36622158,0.058480654,1.959137,,,,,,,,,,,Private,0,Ivy Plus,Ivy Plus,Ivy Plus
2627,Princeton University,99.400002,99-99.9,0.019735184,0.0014048072,0.014920946,,,0.0091392286,1.1562322,0.020559831,1.3226496,0.094150007,1.1439308,,,,,,0.0034676325,0.0001779209,0.00048667673,7.1251249,4.0048189,0.36558333,0.057627402,1.7791378,,,,,,,,,,,,,,,,,,,,,,,,,0.0046919687,0.00019678455,0.00052232109,,,,,,,8.9829206,4.1002073,0.37675014,0.056870144,2.1908455,,,,,,,,,,,Private,0,Ivy Plus,Ivy Plus,Ivy Plus
2627,Princeton University,99.5,Top 1,0.021002423,0.001332846,0.014920946,0.017120631,0.0015965005,0.0091392286,1.1495104,0.019060852,1.4075798,0.089327179,1.2245038,1.1621406,0.032273371,1.8733125,0.17468657,1.6119499,0.0038100085,0.00017697824,0.00048667673,7.8286228,4.1288786,0.36364639,0.055582315,1.8960651,,,,,,,,,,,,,,,,,,,,,,,,,0.011064387,0.00096130895,0.00052232109,,,,,,,21.183113,5.7960558,1.8404559,0.21598323,3.6547463,,,,,,,,,,,Private,0,Ivy Plus,Ivy Plus,Ivy Plus
2627,Princeton University,100,Top 0.1,0.028985394,0.0041053528,0.014920946,,,0.0091392286,1.0991962,0.05101515,1.9425976,0.27514026,1.7672893,,,,,,0.0068576043,0.00075928494,0.00048667673,14.090676,5.2666416,1.5601423,0.2003801,2.6754575,,,,,,,,,,,,,,,,,,,,,,,,,,,,,,,,,,,,,,,,,,,,,,,,,,,,,
1305,Stanford University,10,0-20,0.015156368,0.0022480239,0.013383537,0.016181758,0.0031337766,0.012300683,1.0640026,0.032809284,1.1324636,0.16796935,1.0643429,1.1378037,0.055402771,1.3155169,0.25476444,1.1561898,0.00024239584,0.000019336218,0.00065193698,0.37180871,0.5885148,0.029659642,0.0068079699,0.6317746,,,,,,,,,,,,,,,,,,,,,,,,,,,,,,,,,,,,,,,,,,,,,,,,,,,,,
1305,Stanford University,30,20-40,0.012427915,0.0016430573,0.013383537,0.015898321,0.0025421975,0.012300683,1.0515044,0.026301729,0.92859721,0.12276705,0.88311303,1.1421658,0.044233508,1.2924746,0.20667124,1.1315999,0.00023974625,0.000016305008,0.00065193698,0.36774454,0.61986411,0.025010098,0.0059065265,0.59326637,,,,,,,,,,,,,,,,,,,,,,,,,,,,,,,,,,,,,,,,,,,,,,,,,,,,,
1305,Stanford University,50,40-60,0.011893802,0.001173872,0.013383537,0.01004075,0.0013740748,0.012300683,0.97022158,0.017750615,0.88868904,0.08771015,0.91596502,0.96763492,0.028048005,0.81627578,0.1117072,0.84357828,0.00032172332,0.000016546621,0.00065193698,0.49348837,0.68895334,0.025380706,0.00544103,0.71628708,,,,,,,,,,,,,,,,,,,,,,,,,,,,,,,,,,,,,,,,,,,,,,,,,,,,,
1305,Stanford University,65,60-70,0.009794605,0.0010391374,0.013383537,0.0075957221,0.0012955826,0.012300683,0.87931949,0.017538754,0.73183984,0.077642955,0.8322798,0.85570782,0.027423419,0.61750406,0.10532607,0.72162956,0.00031874294,0.000020813319,0.00065193698,0.48891678,0.69829619,0.031925354,0.0069378256,0.70015675,,,,,,,,,,,,,,,,,,,,,,,,,,,,,,,,,,,,,,,,,,,,,,,,,,,,,
1305,Stanford University,75,70-80,0.0098452149,0.00084477093,0.013383537,0.0072620823,0.00095334847,0.012300683,0.85338455,0.013522098,0.73562133,0.063120157,0.86200452,0.81587464,0.021069331,0.59038043,0.077503704,0.7236166,0.00038768974,0.000021219652,0.00065193698,0.59467363,0.76480019,0.032548625,0.0067392611,0.77755421,,,,,,,,,,,,,,,,,,,,,,,,,,,,,,,,,,,,,,,,,,,,,,,,,,,,,
1305,Stanford University,85,80-90,0.0099157691,0.00058701931,0.013383537,0.0089685395,0.00079354987,0.012300683,0.88710541,0.0099682203,0.74089307,0.0438613,0.8351804,0.8830834,0.016478537,0.72910905,0.06451267,0.82564008,0.00057701807,0.000024015117,0.00065193698,0.8850826,1.0309142,0.036836561,0.007353026,0.85854149,,,,,,,,,,,,,,,,,,,,,,,,,,,,,,,,,,,,,,,,,,,,,,,,,,,,,
1305,Stanford University,92.5,90-95,0.010006097,0.00058593071,0.013383537,0.0080436645,0.00080248556,0.012300683,0.98775077,0.010564994,0.74764222,0.043779962,0.75691384,1.009294,0.018938642,0.65392011,0.065239102,0.6478985,0.00093526341,0.000040861207,0.00065193698,1.4345918,1.6038066,0.062676623,0.012497597,0.89449173,,,,,,,,,,,,,,,,,,,,,,,,,,,,,,,,,,,,,,,,,,,,,,,,,,,,,
1305,Stanford University,95.5,95-96,0.011573368,0.001151041,0.013383537,0.011035285,0.0017739581,0.012300683,1.0533109,0.020017544,0.86474657,0.08600425,0.82097942,1.0923325,0.037466943,0.89712781,0.14421622,0.82129556,0.0012801924,0.00010427566,0.00065193698,1.9636751,2.1340222,0.15994745,0.031769071,0.92017555,,,,,,,,,,,,,,,,,,,,,,,,,,,,,,,,,,,,,,,,,,,,,,,,,,,,,
1305,Stanford University,96.5,96-97,0.013688022,0.0011383013,0.013383537,0.014737852,0.0018977524,0.012300683,1.1080585,0.019133886,1.0227507,0.085052356,0.92301154,1.1776707,0.035990547,1.1981328,0.15428025,1.017375,0.0019148652,0.00012684288,0.00065193698,2.9371939,2.3919942,0.19456309,0.033533376,1.2279269,,,,,,,,,,,,,,,,,,,,,,,,,,,,,,,,,,,,,,,,,,,,,,,,,,,,,
1305,Stanford University,97.5,97-98,0.016039237,0.0011341295,0.013383537,0.013543632,0.0017051332,0.012300683,1.1383541,0.017850509,1.1984304,0.084740639,1.0527748,1.1922927,0.034172419,1.1010472,0.13862102,0.9234705,0.0024688975,0.00014311938,0.00065193698,3.7870185,2.7080805,0.21952948,0.03544734,1.3984143,,,,,,,,,,,,,,,,,,,,,,,,,,,,,,,,,,,,,,,,,,,,,,,,,,,,,
1305,Stanford University,98.5,98-99,0.018649569,0.0011140355,0.013383537,0.020133724,0.0019341656,0.012300683,1.1237868,0.016628917,1.3934709,0.083239242,1.239978,1.1265584,0.031129582,1.6367973,0.1572405,1.4529183,0.0033463612,0.00016620662,0.00065193698,5.1329522,2.9679983,0.25494277,0.036878526,1.7294323,,,,,,,,,,,,,,,,,,,,,,,,,,,,,,,,,,,,,,,,,,,,,,,,,,,,,
1305,Stanford University,99.400002,99-99.9,0.024119224,0.0012630972,0.013383537,,,0.012300683,1.1324555,0.0165412,1.8021563,0.094376937,1.5913706,,,,,,0.005142834,0.00021723918,0.00065193698,7.8885446,3.3133936,0.33322114,0.04094702,2.3808053,,,,,,,,,,,,,,,,,,,,,,,,,,,,,,,,,,,,,,,,,,,,,,,,,,,,,
1305,Stanford University,99.5,Top 1,0.027200142,0.0012418666,0.013383537,0.028426901,0.0020264946,0.012300683,1.131719,0.015365782,2.0323584,0.092790619,1.7958155,1.1022416,0.027436566,2.3110018,0.16474651,2.096638,0.0060370853,0.00022278691,0.00065193698,9.2602282,3.4134016,0.34173074,0.039483171,2.7129033,,,,,,,,,,,,,,,,,,,,,,,,,,,,,,,,,,,,,,,,,,,,,,,,,,,,,
1305,Stanford University,100,Top 0.1,0.046069298,0.0042649042,0.013383537,,,0.012300683,1.1250699,0.041907728,3.4422364,0.31866795,3.0595758,,,,,,0.013955481,0.0010764676,0.00065193698,21.406181,4.3261552,1.6511835,0.14200997,4.9480844,,,,,,,,,,,,,,,,,,,,,,,,,,,,,,,,,,,,,,,,,,,,,,,,,,,,,
1774,University Of Chicago,10,0-20,0.01108851,0.0019577115,0.010777688,0.0087628104,0.0023533679,0.011610409,1.1435603,0.049746525,1.0288395,0.18164486,0.89968103,1.0821484,0.075420707,0.75473744,0.20269465,0.69744354,0.00014743904,0.000015151277,0.00053744292,0.27433434,0.5941425,0.028191416,0.0093484083,0.46173155,,,,,,,,,,,,,,,,,,,,,,,,,,,,,,,,,,,,,,,,,,,,,,,,,,,,,
1774,University Of Chicago,30,20-40,0.0094509693,0.0014308138,0.010777688,0.0087716989,0.0018724512,0.011610409,1.1443139,0.038559347,0.87690139,0.13275702,0.76631188,1.2776462,0.064980075,0.755503,0.16127348,0.59132409,0.00015254349,0.000012926248,0.00053744292,0.28383198,0.66239315,0.024051389,0.0083813369,0.42849475,,,,,,,,,,,,,,,,,,,,,,,,,,,,,,,,,,,,,,,,,,,,,,,,,,,,,
1774,University Of Chicago,50,40-60,0.010737932,0.0010467175,0.010777688,0.010238498,0.0013873453,0.011610409,1.0469136,0.026266433,0.99631131,0.097118929,0.95166522,1.0357755,0.040580168,0.88183779,0.1194915,0.85137922,0.00022416614,0.000013792433,0.00053744292,0.4170976,0.72271174,0.025663065,0.0076537812,0.57712859,,,,,,,,,,,,,,,,,,,,,,,,,,,,,,,,,,,,,,,,,,,,,,,,,,,,,
1774,University Of Chicago,65,60-70,0.0082655018,0.00090988103,0.010777688,0.0089585334,0.0013440661,0.011610409,0.95233363,0.025870571,0.76690865,0.084422655,0.8052941,0.93987346,0.040374525,0.771595,0.11576389,0.82095629,0.00026595025,0.000019089843,0.00053744292,0.49484372,0.74724114,0.03551976,0.0098902732,0.66222763,,,,,,,,,,,,,,,,,,,,,,,,,,,,,,,,,,,,,,,,,,,,,,,,,,,,,
1774,University Of Chicago,75,70-80,0.0082430346,0.00069358101,0.010777688,0.010073369,0.0011163877,0.011610409,0.92777485,0.020092729,0.76482403,0.064353414,0.82436383,0.88134485,0.030747728,0.86761534,0.096154034,0.98442209,0.00033089751,0.000019621384,0.00053744292,0.61568868,0.82063305,0.036508776,0.0096618626,0.75026065,,,,,,,,,,,,,,,,,,,,,,,,,,,,,,,,,,,,,,,,,,,,,,,,,,,,,
1774,University Of Chicago,85,80-90,0.0094838003,0.00054862478,0.010777688,0.0093719997,0.00081204961,0.011610409,0.94752437,0.014717415,0.8799476,0.050903756,0.92868072,0.90682453,0.023429684,0.80720663,0.069941513,0.89014643,0.00054155005,0.000023254299,0.00053744292,1.007642,1.0695281,0.043268409,0.010293984,0.942137,,,,,,,,,,,,,,,,,,,,,,,,,,,,,,,,,,,,,,,,,,,,,,,,,,,,,
1774,University Of Chicago,92.5,90-95,0.0097122286,0.00054808921,0.010777688,0.0096471254,0.00087336893,0.011610409,0.99251831,0.015197205,0.90114212,0.050854065,0.90793502,0.97673559,0.025919305,0.83090311,0.075222924,0.850694,0.00091430428,0.000040391056,0.00053744292,1.7012119,1.5183854,0.075154133,0.016537294,1.1204085,,,,,,,,,,,,,,,,,,,,,,,,,,,,,,,,,,,,,,,,,,,,,,,,,,,,,
1774,University Of Chicago,95.5,95-96,0.010188866,0.00099267124,0.010777688,0.010524258,0.0017283724,0.011610409,1.0377628,0.028337339,0.94536662,0.092104286,0.91096604,1.1041223,0.051645897,0.90645021,0.14886405,0.82096905,0.0013171136,0.00010669378,0.00053744292,2.4507043,2.0045433,0.19852114,0.041591164,1.2225749,,,,,,,,,,,,,,,,,,,,,,,,,,,,,,,,,,,,,,,,,,,,,,,,,,,,,
1774,University Of Chicago,96.5,96-97,0.011665549,0.00099852134,0.010777688,0.016124817,0.0019904024,0.011610409,1.0166959,0.026166998,1.0823796,0.092647083,1.0646051,1.072772,0.047932554,1.3888241,0.17143257,1.2946125,0.0016650442,0.00011873968,0.00053744292,3.0980856,2.0825765,0.22093451,0.042171974,1.4876215,,,,,,,,,,,,,,,,,,,,,,,,,,,,,,,,,,,,,,,,,,,,,,,,,,,,,
1774,University Of Chicago,97.5,97-98,0.012289801,0.00094145676,0.010777688,0.01555632,0.0018375462,0.011610409,1.0685631,0.02465049,1.1403003,0.087352388,1.0671343,1.1771787,0.046988994,1.3398597,0.15826714,1.1381956,0.0021550776,0.00013412282,0.00053744292,4.0098724,2.4852874,0.24955733,0.045856647,1.6134441,,,,,,,,,,,,,,,,,,,,,,,,,,,,,,,,,,,,,,,,,,,,,,,,,,,,,
1774,University Of Chicago,98.5,98-99,0.014703619,0.00095902046,0.010777688,0.017332904,0.0018127647,0.011610409,1.0170199,0.022634989,1.3642647,0.088982023,1.3414336,1.0862226,0.042543042,1.4928763,0.15613271,1.3743742,0.0028455968,0.00015299582,0.00053744292,5.2946959,2.7192886,0.28467363,0.047987748,1.9470886,,,,,,,,,,,,,,,,,,,,,,,,,,,,,,,,,,,,,,,,,,,,,,,,,,,,,
1774,University Of Chicago,99.400002,99-99.9,0.017094927,0.00099405518,0.010777688,,,0.011610409,1.0342685,0.022538979,1.5861405,0.092232697,1.5335867,,,,,,0.0041132984,0.00019410442,0.00053744292,7.653461,3.0246792,0.36116284,0.053375907,2.530338,,,,,,,,,,,,,,,,,,,,,,,,,,,,,,,,,,,,,,,,,,,,,,,,,,,,,
1774,University Of Chicago,99.5,Top 1,0.01619165,0.00089428935,0.010777688,0.017601155,0.0016032453,0.011610409,0.99850184,0.020623244,1.5023307,0.082975991,1.5045848,0.98303121,0.036153145,1.5159806,0.13808689,1.5421489,0.0041115372,0.00018412941,0.00053744292,7.6501842,3.0158288,0.34260273,0.050605476,2.5366771,,,,,,,,,,,,,,,,,,,,,,,,,,,,,,,,,,,,,,,,,,,,,,,,,,,,,
1774,University Of Chicago,100,Top 0.1,0.010814705,0.0019360663,0.010777688,,,0.011610409,0.77363324,0.050639179,1.0034347,0.17963652,1.2970418,,,,,,0.0041015334,0.00058175897,0.00053744292,7.6315703,2.9376931,1.0824572,0.15907362,2.5978105,,,,,,,,,,,,,,,,,,,,,,,,,,,,,,,,,,,,,,,,,,,,,,,,,,,,,
3378,University Of Pennsylvania,10,0-20,0.0087483227,0.0013778987,0.013143051,0.0097937174,0.0024351906,0.015655415,0.93641734,0.032474775,0.66562343,0.10483857,0.71081918,0.97300285,0.057367135,0.62558019,0.15554941,0.64293766,0.00020539286,0.000017873826,0.00085129851,0.24127008,0.44880641,0.020995956,0.0071361563,0.53758162,,,,,,,,,,,,,,,,,,,,,,,,,,,,,,,,,,,,,,,,,,,,,,,,,,,,,
3378,University Of Pennsylvania,30,20-40,0.0069257617,0.0010234538,0.013143051,0.0076002018,0.0017346288,0.015655415,1.0643084,0.027573068,0.52695233,0.077870332,0.49511245,1.0156894,0.046646435,0.48546791,0.11080056,0.47796887,0.00017206867,0.000013793356,0.00085129851,0.20212495,0.50710577,0.016202725,0.0064296126,0.39858541,,,,,,,,,,,,,,,,,,,,,,,,,,,,,,,,,,,,,,,,,,,,,,,,,,,,,
3378,University Of Pennsylvania,50,40-60,0.0082079088,0.00076978956,0.013143051,0.0090187276,0.0013334388,0.015655415,0.90223122,0.018054269,0.62450558,0.05857008,0.69217908,0.84961176,0.02956336,0.57607716,0.085174285,0.67804754,0.00026512801,0.000015017652,0.00085129851,0.31143954,0.55810887,0.017640878,0.0058910479,0.55802649,,,,,,,,,,,,,,,,,,,,,,,,,,,,,,,,,,,,,,,,,,,,,,,,,,,,,
3378,University Of Pennsylvania,65,60-70,0.0083808685,0.00079475768,0.013143051,0.0095405364,0.001390802,0.015655415,0.81084085,0.018144963,0.63766533,0.060469799,0.78642476,0.78036451,0.029549967,0.60940808,0.088838398,0.78092748,0.00039018464,0.000023098741,0.00085129851,0.45834056,0.60914439,0.027133537,0.0078118374,0.75243336,,,,,,,,,,,,,,,,,,,,,,,,,,,,,,,,,,,,,,,,,,,,,,,,,,,,,
3378,University Of Pennsylvania,75,70-80,0.0096782511,0.00066925731,0.013143051,0.0085991463,0.0010497269,0.015655415,0.83326006,0.014257696,0.73637778,0.050921001,0.88373101,0.76104921,0.022955943,0.54927617,0.067051999,0.72173542,0.0004854993,0.000023816092,0.00085129851,0.57030439,0.71456021,0.027976194,0.0078753224,0.79811943,,,,,,,,,,,,,,,,,,,,,,,,,,,,,,,,,,,,,,,,,,,,,,,,,,,,,
3378,University Of Pennsylvania,85,80-90,0.010709144,0.00050447695,0.013143051,0.011117698,0.00088482205,0.015655415,0.89706701,0.010678617,0.81481415,0.038383547,0.9083091,0.85189146,0.018165594,0.7101503,0.056518592,0.83361596,0.00086565549,0.000029399658,0.00085129851,1.0168648,1.0833211,0.034535076,0.0090965405,0.93865502,,,,,,,,,,,,,,,,,,,,,,,,,,,,,,,,,,,,,,,,,,,,,,,,,,,,,
3378,University Of Pennsylvania,92.5,90-95,0.010644318,0.00049368822,0.013143051,0.013781168,0.0010421172,0.015655415,0.97572756,0.011217535,0.80988175,0.037562679,0.83002859,0.97452301,0.020764561,0.88028121,0.066565931,0.90329444,0.0013268865,0.000048646874,0.00085129851,1.5586618,1.712889,0.057144322,0.015468203,0.90996081,,,,,,,,,,,,,,,,,,,,,,,,,,,,,,,,,,,,,,,,,,,,,,,,,,,,,
3378,University Of Pennsylvania,95.5,95-96,0.012991782,0.001038496,0.013143051,0.014132249,0.0019855504,0.015655415,1.0427834,0.021359604,0.98849058,0.079014838,0.94793475,1.066303,0.04109041,0.90270674,0.12682834,0.84657621,0.0019831357,0.00013007069,0.00085129851,2.3295422,2.3487222,0.15279093,0.039715122,0.99183381,,,,,,,,,,,,,,,,,,,,,,,,,,,,,,,,,,,,,,,,,,,,,,,,,,,,,
3378,University Of Pennsylvania,96.5,96-97,0.013293725,0.00094859168,0.013143051,0.016012112,0.0019904024,0.015655415,1.1085938,0.020402974,1.0114641,0.072174385,0.91238475,1.2034249,0.040230371,1.0227842,0.12713827,0.84989452,0.0024195497,0.0001424052,0.00085129851,2.8421872,2.6786306,0.16727999,0.042194549,1.0610598,,,,,,,,,,,,,,,,,,,,,,,,,,,,,,,,,,,,,,,,,,,,,,,,,,,,,
3378,University Of Pennsylvania,97.5,97-98,0.015475733,0.0009369101,0.013143051,0.017595349,0.001948576,0.015655415,1.1274627,0.018791366,1.177484,0.071285583,1.0443662,1.1944548,0.037847236,1.1239146,0.12446658,0.9409436,0.0032265384,0.00016343847,0.00085129851,3.7901375,3.1008108,0.19198726,0.04509886,1.2223053,,,,,,,,,,,,,,,,,,,,,,,,,,,,,,,,,,,,,,,,,,,,,,,,,,,,,
3378,University Of Pennsylvania,98.5,98-99,0.019787228,0.00096286129,0.013143051,0.025290236,0.0021708943,0.015655415,1.2108667,0.018175457,1.5055277,0.073260099,1.2433472,1.2674839,0.036198154,1.6154306,0.13866732,1.2745175,0.0049782647,0.000202304,0.00085129851,5.8478484,3.6868503,0.23764168,0.04885387,1.5861367,,,,,,,,,,,,,,,,,,,,,,,,,,,,,,,,,,,,,,,,,,,,,,,,,,,,,
3378,University Of Pennsylvania,99.400002,99-99.9,0.02801792,0.0011284417,0.013143051,,,0.015655415,1.303782,0.018335199,2.1317668,0.08585842,1.6350639,,,,,,0.0079035219,0.00026827957,0.00085129851,9.2840786,4.4742632,0.31514159,0.056634545,2.074996,,,,,,,,,,,,,,,,,,,,,,,,,,,,,,,,,,,,,,,,,,,,,,,,,,,,,
3378,University Of Pennsylvania,99.5,Top 1,0.029811123,0.001060447,0.013143051,0.04232594,0.0024617508,0.015655415,1.3084072,0.017002162,2.2682042,0.08068499,1.7335614,1.4122298,0.033555083,2.7035973,0.15724596,1.9144174,0.0090806503,0.00027299763,0.00085129851,10.666822,4.6484938,0.32068378,0.054788649,2.2946837,,,,,,,,,,,,,,,,,,,,,,,,,,,,,,,,,,,,,,,,,,,,,,,,,,,,,
3378,University Of Pennsylvania,100,Top 0.1,0.042691458,0.0031348751,0.013143051,,,0.015655415,1.3498406,0.046182256,3.2482152,0.23851958,2.4063694,,,,,,0.019984035,0.001282335,0.00085129851,23.474768,6.2419434,1.5063283,0.20128514,3.7608109,,,,,,,,,,,,,,,,,,,,,,,,,,,,,,,,,,,,,,,,,,,,,,,,,,,,,
1426,Yale University,10,0-20,0.014728111,0.0026798835,0.015456339,0.014010682,0.0030077416,0.0098985294,1.0865512,0.042491768,0.95288485,0.1733841,0.87698108,1.205395,0.064900853,1.4154307,0.30385742,1.1742463,0.00016257,0.000015838472,0.00052232109,0.31124532,0.55742562,0.030323248,0.0085937353,0.55836207,,,,,,,,,,,,,,,,,,,,,,,,,,,,,,,,,,,,,,,,,,,,,,,,,,,,,
1426,Yale University,30,20-40,0.017146273,0.0024268895,0.015456339,0.014221314,0.0023761219,0.0098985294,1.063516,0.034080729,1.1093359,0.1570158,1.0430834,1.1711278,0.051338527,1.4367098,0.24004798,1.2267746,0.00018345434,0.000014185592,0.00052232109,0.35122904,0.59208077,0.027158758,0.0074904743,0.59321135,,,,,,,,,,,,,,,,,,,,,,,,,,,,,,,,,,,,,,,,,,,,,,,,,,,,,
1426,Yale University,50,40-60,0.013127099,0.0013761425,0.015456339,0.009548896,0.0013606696,0.0098985294,1.0146824,0.022996038,0.84930193,0.089034177,0.83701259,1.0319574,0.033245701,0.96467823,0.1374618,0.93480432,0.00023770261,0.000014204141,0.00052232109,0.45508906,0.66182011,0.027194271,0.0069369446,0.68763256,,,,,,,,,,,,,,,,,,,,,,,,,,,,,,,,,,,,,,,,,,,,,,,,,,,,,
1426,Yale University,65,60-70,0.012554349,0.001456018,0.015456339,0.0094131595,0.0014210738,0.0098985294,0.90404862,0.02280562,0.81224597,0.094201989,0.89845383,0.87366581,0.032083619,0.95096546,0.14356413,1.0884774,0.00025927884,0.000018745943,0.00052232109,0.49639741,0.67773873,0.035889693,0.0089107463,0.73243183,,,,,,,,,,,,,,,,,,,,,,,,,,,,,,,,,,,,,,,,,,,,,,,,,,,,,
1426,Yale University,75,70-80,0.013070072,0.0011642227,0.015456339,0.0080567058,0.0010186472,0.0098985294,0.90173197,0.017795397,0.84561241,0.075323313,0.9377647,0.87705606,0.025262428,0.81392956,0.10290895,0.92802453,0.00032768224,0.000019586698,0.00052232109,0.62735784,0.76755828,0.037499342,0.0088389898,0.81734228,,,,,,,,,,,,,,,,,,,,,,,,,,,,,,,,,,,,,,,,,,,,,,,,,,,,,
1426,Yale University,85,80-90,0.012480339,0.0008218119,0.015456339,0.0060183741,0.00065273268,0.0098985294,0.9112727,0.012926255,0.80745763,0.053169891,0.88607681,0.87252146,0.019020466,0.60800689,0.065942392,0.69683892,0.00050617463,0.000022467675,0.00052232109,0.96908712,1.0331187,0.043015063,0.0096368715,0.93802106,,,,,,,,,,,,,,,,,,,,,,,,,,,,,,,,,,,,,,,,,,,,,,,,,,,,,
1426,Yale University,92.5,90-95,0.012232793,0.00078115019,0.015456339,0.0073994384,0.0007746779,0.0098985294,0.93964392,0.013202495,0.79144186,0.050539147,0.84227848,0.92620844,0.021098556,0.74752909,0.078261919,0.80708516,0.00079067249,0.000037530859,0.00052232109,1.5137671,1.565076,0.071854003,0.016116368,0.96721637,,,,,,,,,,,,,,,,,,,,,,,,,,,,,,,,,,,,,,,,,,,,,,,,,,,,,
1426,Yale University,95.5,95-96,0.014141466,0.0015661116,0.015456339,0.0098650074,0.0016575395,0.0098985294,0.96521288,0.024560815,0.91492987,0.10132487,0.94790477,0.99717021,0.041541476,0.99661344,0.16745311,0.99944162,0.0011053238,0.000097781995,0.00052232109,2.1161768,2.0756955,0.18720667,0.040849786,1.0195025,,,,,,,,,,,,,,,,,,,,,,,,,,,,,,,,,,,,,,,,,,,,,,,,,,,,,
1426,Yale University,96.5,96-97,0.013824375,0.0013786906,0.015456339,0.0086638322,0.0014660876,0.0098985294,1.010659,0.023046298,0.8944146,0.089199036,0.88498163,1.0099239,0.039061889,0.87526459,0.14811166,0.86666387,0.0013276131,0.00010541508,0.00052232109,2.5417566,2.3257308,0.20182045,0.043047797,1.0928851,,,,,,,,,,,,,,,,,,,,,,,,,,,,,,,,,,,,,,,,,,,,,,,,,,,,,
1426,Yale University,97.5,97-98,0.016245347,0.0013499201,0.015456339,0.010699903,0.0015456453,0.0098985294,1.0482548,0.021450987,1.0510474,0.087337628,1.0026641,1.1286631,0.038587596,1.0809588,0.15614899,0.95773387,0.0018932275,0.00012530458,0.00052232109,3.6246428,2.7339699,0.23989952,0.046391346,1.32578,,,,,,,,,,,,,,,,,,,,,,,,,,,,,,,,,,,,,,,,,,,,,,,,,,,,,
1426,Yale University,98.5,98-99,0.019719949,0.0013941885,0.015456339,0.01372558,0.0016177378,0.0098985294,1.1127112,0.020556133,1.2758486,0.090201728,1.1466125,1.1987846,0.037125684,1.3866282,0.16343214,1.156695,0.0027718344,0.00015120611,0.00052232109,5.3067632,3.2859406,0.28948882,0.050784301,1.6149906,,,,,,,,,,,,,,,,,,,,,,,,,,,,,,,,,,,,,,,,,,,,,,,,,,,,,
1426,Yale University,99.400002,99-99.9,0.025880974,0.001582698,0.015456339,,,0.0098985294,1.213961,0.021106947,1.6744568,0.10239799,1.3793333,,,,,,0.0040049907,0.00019128526,0.00052232109,7.6676793,3.9138045,0.36622158,0.058480654,1.959137,,,,,,,,,,,,,,,,,,,,,,,,,,,,,,,,,,,,,,,,,,,,,,,,,,,,,
1426,Yale University,99.5,Top 1,0.028459469,0.0015364585,0.015456339,0.019011803,0.0016690838,0.0098985294,1.2225403,0.01968129,1.8412813,0.099406362,1.506111,1.2594082,0.033731587,1.9206694,0.16861938,1.5250571,0.0046919687,0.00019678455,0.00052232109,8.9829206,4.1002073,0.37675014,0.056870144,2.1908455,,,,,,,,,,,,,,,,,,,,,,,,,,,,,,,,,,,,,,,,,,,,,,,,,,,,,
1426,Yale University,100,Top 0.1,0.045336328,0.0051798122,0.015456339,,,0.0098985294,1.2820195,0.05513148,2.9331868,0.33512542,2.2879424,,,,,,0.011064387,0.00096130895,0.00052232109,21.183113,5.7960558,1.8404559,0.21598323,3.6547463,,,,,,,,,,,,,,,,,,,,,,,,,,,,,,,,,,,,,,,,,,,,,,,,,,,,,
Institution OPEID,Name of college,Parent household income group,Parent household income label,"Test-score-reweighted relative application rate: Calculated using adjusted score-sending rates, the relative fraction of all standardized test takers who send test scores to a given college.",Standard error for previous variable (Test-score-reweighted relative application rate),"[variable]_level: The school average estimates reweighting on test
score. Divide the test-score-reweighted absolute
variables by this average to calculate the test-scorereweighted relative variables.",,,,Ratio of application rates to college average,,Ratio of attendance rates to college average,,,,,,,,Unweighted absolute attendance rate: Calculated as the fraction of students attending that college among all test-takers within a parent income bin in the Pipeline Analysis Sample.,Standard error of unweighted absolute attendance rate,The unweighted school average attendance rates. Divide the unweighted absolute variables by this average to calculate the unweighted relative variables.,Relative attendance rates are reported as a proportion of the mean attendance rate across all parent income bins for each college,"Unweighted relative application rate: Calculated using adjusted score-sending rates, the relative fraction of all standardized test takers who send test scores to a given college",Standard error of relative attendance rates are reported as a proportion of the mean attendance rate across all parent income bins for each college.,Standard error of unweighted relative application rate,Calculated as the ratio of rel_attend_unwgt to rel_apply_unwgt.,,,,,,,,,,,,,,,,,,,,,,,,,,,,,,,,,,,,,,,,,,,,,,,,,,,,,